{"cameraMode":{"drawMode":0,"name":"Shaded","section":"Shading Mode"},"sceneLighting":true,"audioPlay":false,"sceneViewState":{"showFog":true,"showMaterialUpdate":false,"showSkybox":true,"showFlares":true,"showImageEffects":true,"showParticleSystems":true},"in2DMode":false,"pivot":{"x":-0.7186712622642517,"y":-0.2960287928581238,"z":1.9743802547454835},"rotation":{"x":-0.14521104097366334,"y":0.034718286246061328,"z":-0.005073576234281063,"w":-0.9888244867324829},"size":4.621353626251221,"orthographic":false}